<?xml version="1.0"?>
<doc>
    <assembly>
        <name>Microsoft.AspNetCore.Mvc</name>
    </assembly>
    <members>
        <member name="T:Microsoft.Extensions.DependencyInjection.MvcServiceCollectionExtensions">
            <summary>
            Extension methods for setting up MVC services in an <see cref="T:Microsoft.Extensions.DependencyInjection.IServiceCollection" />.
            </summary>
        </member>
        <member name="M:Microsoft.Extensions.DependencyInjection.MvcServiceCollectionExtensions.AddMvc(Microsoft.Extensions.DependencyInjection.IServiceCollection)">
            <summary>
            Adds MVC services to the specified <see cref="T:Microsoft.Extensions.DependencyInjection.IServiceCollection" />.
            </summary>
            <param name="services">The <see cref="T:Microsoft.Extensions.DependencyInjection.IServiceCollection" /> to add services to.</param>
            <returns>An <see cref="T:Microsoft.Extensions.DependencyInjection.IMvcBuilder"/> that can be used to further configure the MVC services.</returns>
        </member>
        <member name="M:Microsoft.Extensions.DependencyInjection.MvcServiceCollectionExtensions.AddMvc(Microsoft.Extensions.DependencyInjection.IServiceCollection,System.Action{Microsoft.AspNetCore.Mvc.MvcOptions})">
            <summary>
            Adds MVC services to the specified <see cref="T:Microsoft.Extensions.DependencyInjection.IServiceCollection" />.
            </summary>
            <param name="services">The <see cref="T:Microsoft.Extensions.DependencyInjection.IServiceCollection" /> to add services to.</param>
            <param name="setupAction">An <see cref="T:System.Action`1"/> to configure the provided <see cref="T:Microsoft.AspNetCore.Mvc.MvcOptions"/>.</param>
            <returns>An <see cref="T:Microsoft.Extensions.DependencyInjection.IMvcBuilder"/> that can be used to further configure the MVC services.</returns>
        </member>
    </members>
</doc>
